﻿<?xml version="1.0" encoding="utf-8"?>
<sync version="1.0">
  <meta>
    <client>
      <timezone>CET</timezone>
      <unitName />
      <unitNamingMethod>appendUnitIDToUnitName</unitNamingMethod>
      <unitDescription />
      <specifyHostname>no</specifyHostname>
      <useProxy>no</useProxy>
      <useWireless>no</useWireless>
      <timeServer>http://time.brightsignnetwork.com</timeServer>
      <useDHCP>no</useDHCP>
      <staticIPAddress>192.168.10.75</staticIPAddress>
      <subnetMask>255.255.255.0</subnetMask>
      <gateway>192.168.10.1</gateway>
      <dns1>192.168.10.1</dns1>
      <dns2>192.168.10.5</dns2>
      <dns3 />
      <enableWPAEnterpriseAuthentication>False</enableWPAEnterpriseAuthentication>
      <wpaEnterpriseVariant>WPAEnterpriseEapTls</wpaEnterpriseVariant>
      <eapCertificate>WPAEapTlsPKCS</eapCertificate>
      <eapCertificateFilePath />
      <eapCertificatePassphrase />
      <eapPemOrDerKeyFilePath />
      <peapUsername />
      <peapPassphrase />
      <caCertificateFilePath />
      <rateLimitModeOutsideWindow>default</rateLimitModeOutsideWindow>
      <rateLimitRateOutsideWindow>0</rateLimitRateOutsideWindow>
      <rateLimitModeInWindow>unlimited</rateLimitModeInWindow>
      <rateLimitRateInWindow>0</rateLimitRateInWindow>
      <rateLimitModeInitialDownloads>unlimited</rateLimitModeInitialDownloads>
      <rateLimitRateInitialDownloads>0</rateLimitRateInitialDownloads>
      <networkConnectionPriorityWired>0</networkConnectionPriorityWired>
      <networkConnectionPriorityWireless>1</networkConnectionPriorityWireless>
      <contentDataTypeEnabledWired>True</contentDataTypeEnabledWired>
      <textFeedsDataTypeEnabledWired>True</textFeedsDataTypeEnabledWired>
      <healthDataTypeEnabledWired>True</healthDataTypeEnabledWired>
      <mediaFeedsDataTypeEnabledWired>True</mediaFeedsDataTypeEnabledWired>
      <logUploadsDataTypeEnabledWired>True</logUploadsDataTypeEnabledWired>
      <lwsConfig>none</lwsConfig>
      <lwsUserName />
      <lwsPassword />
      <lwsEnableUpdateNotifications>no</lwsEnableUpdateNotifications>
      <playbackLoggingEnabled>no</playbackLoggingEnabled>
      <eventLoggingEnabled>yes</eventLoggingEnabled>
      <stateLoggingEnabled>no</stateLoggingEnabled>
      <diagnosticLoggingEnabled>no</diagnosticLoggingEnabled>
      <variableLoggingEnabled>no</variableLoggingEnabled>
      <uploadLogFilesAtBoot>no</uploadLogFilesAtBoot>
      <uploadLogFilesAtSpecificTime>no</uploadLogFilesAtSpecificTime>
      <uploadLogFilesTime>0</uploadLogFilesTime>
      <dwsEnabled>yes</dwsEnabled>
      <dwsPassword>AABEF23273E3E29DBC7BDB31B5A2F9E48575236E5D0DB9F273D4B56E1B4FF100B</dwsPassword>
      <deviceScreenShotsEnabled>no</deviceScreenShotsEnabled>
      <deviceScreenShotsInterval>15</deviceScreenShotsInterval>
      <deviceScreenShotsCountLimit>1</deviceScreenShotsCountLimit>
      <deviceScreenShotsQuality>50</deviceScreenShotsQuality>
      <deviceScreenShotsDisplayPortrait>False</deviceScreenShotsDisplayPortrait>
      <idleScreenColor>FF000000</idleScreenColor>
      <networkDiagnosticsEnabled>False</networkDiagnosticsEnabled>
      <testEthernetEnabled>True</testEthernetEnabled>
      <testWirelessEnabled>False</testWirelessEnabled>
      <testInternetEnabled>True</testInternetEnabled>
      <useCustomSplashScreen>False</useCustomSplashScreen>
      <limitStorageSpace>False</limitStorageSpace>
      <enableSerialDebugging>False</enableSerialDebugging>
      <enableSystemLogDebugging>False</enableSystemLogDebugging>
    </client>
  </meta>
  <files>
    <download>
      <name>autoplay-Geostar_v2.xml</name>
      <hash method="SHA1">31dc88d7e1246d849e18b3b6cd5c93ce3981deec</hash>
      <size>88201</size>
      <link>pool/e/c/sha1-31dc88d7e1246d849e18b3b6cd5c93ce3981deec</link>
    </download>
    <download>
      <name>Geostar_v2.bml</name>
      <hash method="SHA1">64da45db8824a9f511dcb52f079dbb33a2860345</hash>
      <size>107472</size>
      <link>pool/4/5/sha1-64da45db8824a9f511dcb52f079dbb33a2860345</link>
    </download>
    <download>
      <name>4_Menu.png</name>
      <hash method="SHA1">8ad8c38c165eed307308e8e9427af44aa957d8c2</hash>
      <size>755345</size>
      <link>pool/c/2/sha1-8ad8c38c165eed307308e8e9427af44aa957d8c2</link>
    </download>
    <download>
      <name>7_Intro1.jpg</name>
      <hash method="SHA1">05d37fab9dd9f2d4c01ecbf53af127c5e500c916</hash>
      <size>368757</size>
      <link>pool/1/6/sha1-05d37fab9dd9f2d4c01ecbf53af127c5e500c916</link>
    </download>
    <download>
      <name>D1.png</name>
      <hash method="SHA1">9a7b8c7ada0220999f18be5a5a8927eb08bd15ce</hash>
      <size>217968</size>
      <link>pool/c/e/sha1-9a7b8c7ada0220999f18be5a5a8927eb08bd15ce</link>
    </download>
    <download>
      <name>D2.png</name>
      <hash method="SHA1">4076780d13ff592e3ec13e9c973045581366f27c</hash>
      <size>160963</size>
      <link>pool/7/c/sha1-4076780d13ff592e3ec13e9c973045581366f27c</link>
    </download>
    <download>
      <name>D3.png</name>
      <hash method="SHA1">77c2a1c9fe5a7531ff9bd74c8b3c62b6bf174b33</hash>
      <size>225338</size>
      <link>pool/3/3/sha1-77c2a1c9fe5a7531ff9bd74c8b3c62b6bf174b33</link>
    </download>
    <download>
      <name>D4.png</name>
      <hash method="SHA1">1d627318f18ff5abf5f84b9920f0c0fbc54b7e12</hash>
      <size>221802</size>
      <link>pool/1/2/sha1-1d627318f18ff5abf5f84b9920f0c0fbc54b7e12</link>
    </download>
    <download>
      <name>D5.png</name>
      <hash method="SHA1">1e7aa6cd970876d46375f7ed2e6a10433665ba87</hash>
      <size>222600</size>
      <link>pool/8/7/sha1-1e7aa6cd970876d46375f7ed2e6a10433665ba87</link>
    </download>
    <download>
      <name>D6.png</name>
      <hash method="SHA1">294c2652f36f51e2e770f369354a147d4543c4b2</hash>
      <size>209972</size>
      <link>pool/b/2/sha1-294c2652f36f51e2e770f369354a147d4543c4b2</link>
    </download>
    <download>
      <name>D7.png</name>
      <hash method="SHA1">a8754dc5346e5008f5b03ef515dabb88d489972e</hash>
      <size>151151</size>
      <link>pool/2/e/sha1-a8754dc5346e5008f5b03ef515dabb88d489972e</link>
    </download>
    <download>
      <name>D8.png</name>
      <hash method="SHA1">56774366adebf8d2dde2a59b42f6b3b8287ba9b5</hash>
      <size>216370</size>
      <link>pool/b/5/sha1-56774366adebf8d2dde2a59b42f6b3b8287ba9b5</link>
    </download>
    <download>
      <name>D9.png</name>
      <hash method="SHA1">29f123333d6f9511fa8413a06cfaed8314fb2161</hash>
      <size>217780</size>
      <link>pool/6/1/sha1-29f123333d6f9511fa8413a06cfaed8314fb2161</link>
    </download>
    <download>
      <name>D10.png</name>
      <hash method="SHA1">68ea219170ab982eef606989944b4040c7715c2e</hash>
      <size>148585</size>
      <link>pool/2/e/sha1-68ea219170ab982eef606989944b4040c7715c2e</link>
    </download>
    <download>
      <name>D12.png</name>
      <hash method="SHA1">9eef228827b04e0dc8ef3b8d58733f3d4d5edd63</hash>
      <size>344078</size>
      <link>pool/6/3/sha1-9eef228827b04e0dc8ef3b8d58733f3d4d5edd63</link>
    </download>
    <download>
      <name>D13.png</name>
      <hash method="SHA1">23bd77df83d109dd95f6c7f93adbc7807229d661</hash>
      <size>399256</size>
      <link>pool/6/1/sha1-23bd77df83d109dd95f6c7f93adbc7807229d661</link>
    </download>
    <download>
      <name>D14.png</name>
      <hash method="SHA1">449d2f0c02ccdda735259fd877e872a6d2526eb1</hash>
      <size>523677</size>
      <link>pool/b/1/sha1-449d2f0c02ccdda735259fd877e872a6d2526eb1</link>
    </download>
    <download>
      <name>D15.png</name>
      <hash method="SHA1">8204106defb662916a4577b414abf1ca04585222</hash>
      <size>473955</size>
      <link>pool/2/2/sha1-8204106defb662916a4577b414abf1ca04585222</link>
    </download>
    <download>
      <name>6_Intro2.jpg</name>
      <hash method="SHA1">108fd22b735a2758b0e8920800252188fe0d9b8d</hash>
      <size>359293</size>
      <link>pool/8/d/sha1-108fd22b735a2758b0e8920800252188fe0d9b8d</link>
    </download>
    <download>
      <name>D11.png</name>
      <hash method="SHA1">59e7bd53b70401befb136bc28749394ae7b1629a</hash>
      <size>185654</size>
      <link>pool/9/a/sha1-59e7bd53b70401befb136bc28749394ae7b1629a</link>
    </download>
    <download>
      <name>R1.png</name>
      <hash method="SHA1">61cc10570aea09f445167fd2afa154d162a1735b</hash>
      <size>966371</size>
      <link>pool/5/b/sha1-61cc10570aea09f445167fd2afa154d162a1735b</link>
    </download>
    <download>
      <name>R2.png</name>
      <hash method="SHA1">cc0d94b63106df249b25bcffa609b392e0369472</hash>
      <size>905110</size>
      <link>pool/7/2/sha1-cc0d94b63106df249b25bcffa609b392e0369472</link>
    </download>
    <download>
      <name>R3.png</name>
      <hash method="SHA1">1e8445936aacbe8b110c733b67bb0317a99bce12</hash>
      <size>968060</size>
      <link>pool/1/2/sha1-1e8445936aacbe8b110c733b67bb0317a99bce12</link>
    </download>
    <download>
      <name>R4.png</name>
      <hash method="SHA1">bda3b730a3517c191b604f7c0f1ebcb961c6954c</hash>
      <size>966372</size>
      <link>pool/4/c/sha1-bda3b730a3517c191b604f7c0f1ebcb961c6954c</link>
    </download>
    <download>
      <name>R5.png</name>
      <hash method="SHA1">817c93aa0c930e39703e0775e5ab7d6cba7849d5</hash>
      <size>970964</size>
      <link>pool/d/5/sha1-817c93aa0c930e39703e0775e5ab7d6cba7849d5</link>
    </download>
    <download>
      <name>R6.png</name>
      <hash method="SHA1">9282363083c85ef67180299f3e84c7a557bdb43c</hash>
      <size>961042</size>
      <link>pool/3/c/sha1-9282363083c85ef67180299f3e84c7a557bdb43c</link>
    </download>
    <download>
      <name>R7.png</name>
      <hash method="SHA1">303676ecaca74eb7295c11dc8da10747030fcce8</hash>
      <size>904701</size>
      <link>pool/e/8/sha1-303676ecaca74eb7295c11dc8da10747030fcce8</link>
    </download>
    <download>
      <name>R8.png</name>
      <hash method="SHA1">a5013cf912009e5c97e9c9477d4ce7feab1279f6</hash>
      <size>993352</size>
      <link>pool/f/6/sha1-a5013cf912009e5c97e9c9477d4ce7feab1279f6</link>
    </download>
    <download>
      <name>R9.png</name>
      <hash method="SHA1">07b898beada6df2fff400692338655d2e5ae63b0</hash>
      <size>959395</size>
      <link>pool/b/0/sha1-07b898beada6df2fff400692338655d2e5ae63b0</link>
    </download>
    <download>
      <name>R10.png</name>
      <hash method="SHA1">d1c7f4f4e8e29d9ba99702d0cbcfdd203765d66e</hash>
      <size>883020</size>
      <link>pool/6/e/sha1-d1c7f4f4e8e29d9ba99702d0cbcfdd203765d66e</link>
    </download>
    <download>
      <name>R11.png</name>
      <hash method="SHA1">5af7e44c42b4f1263919a6f17c74c3aef9a20d5b</hash>
      <size>976136</size>
      <link>pool/5/b/sha1-5af7e44c42b4f1263919a6f17c74c3aef9a20d5b</link>
    </download>
    <download>
      <name>R12.png</name>
      <hash method="SHA1">9501823c67d07e633af1c4e15d11c3aa5c3fc46b</hash>
      <size>1197284</size>
      <link>pool/6/b/sha1-9501823c67d07e633af1c4e15d11c3aa5c3fc46b</link>
    </download>
    <download>
      <name>R13.png</name>
      <hash method="SHA1">5e4d948b05ae0b53e3c94cc2e8331d1a353350c7</hash>
      <size>1266702</size>
      <link>pool/c/7/sha1-5e4d948b05ae0b53e3c94cc2e8331d1a353350c7</link>
    </download>
    <download>
      <name>R14.png</name>
      <hash method="SHA1">3ead0d3bc8df29bdc32ab70db5b089e527a38b4d</hash>
      <size>1160791</size>
      <link>pool/4/d/sha1-3ead0d3bc8df29bdc32ab70db5b089e527a38b4d</link>
    </download>
    <download>
      <name>R15.png</name>
      <hash method="SHA1">c16d0aa91fef236ac626b90b4b740cf24d404743</hash>
      <size>1311220</size>
      <link>pool/4/3/sha1-c16d0aa91fef236ac626b90b4b740cf24d404743</link>
    </download>
    <download>
      <name>5_Intro3.png</name>
      <hash method="SHA1">a5b1720af9df66792d1d37234884e1a248cbc688</hash>
      <size>1086439</size>
      <link>pool/8/8/sha1-a5b1720af9df66792d1d37234884e1a248cbc688</link>
    </download>
    <download>
      <name>8_Intro4.png</name>
      <hash method="SHA1">07e86df9b187867f645e31d213721ef20dadebc7</hash>
      <size>833014</size>
      <link>pool/c/7/sha1-07e86df9b187867f645e31d213721ef20dadebc7</link>
    </download>
    <download>
      <name>End.png</name>
      <hash method="SHA1">cb872d82e3997eb410a48e3a779caca360f584bf</hash>
      <size>832862</size>
      <link>pool/b/f/sha1-cb872d82e3997eb410a48e3a779caca360f584bf</link>
    </download>
    <download>
      <name>Start.png</name>
      <hash method="SHA1">8e6fbccd22f20868b6d49abb41bef9185bd1540c</hash>
      <size>237973</size>
      <link>pool/0/c/sha1-8e6fbccd22f20868b6d49abb41bef9185bd1540c</link>
    </download>
    <download>
      <name>Error.png</name>
      <hash method="SHA1">c2995ab02f995997d0a2746e8d4831844c428d3b</hash>
      <size>696162</size>
      <link>pool/3/b/sha1-c2995ab02f995997d0a2746e8d4831844c428d3b</link>
    </download>
    <download>
      <name>Loading Screen Effect.mp4</name>
      <hash method="SHA1">77659b19d30d116d8cedaadcbc5c49a7ed38fe12</hash>
      <size>215859</size>
      <link>pool/1/2/sha1-77659b19d30d116d8cedaadcbc5c49a7ed38fe12</link>
      <probe>2|TT=MP4|IX=Y|AP=2|AC=AAC|ACH=2|ASR=44100|AD=000023a5|VP=1|VC=H264|W=640|H=360|VD=00002395|CD=0|VFR=29.970360|D=000023a5|FT=00000000</probe>
    </download>
    <download>
      <name>BrightSignApplicationServer-404.html</name>
      <hash method="SHA1">c2bfa0a925e5bef3af0e154cdcd0b03f2bc00203</hash>
      <size>3525</size>
      <link>pool/0/3/sha1-c2bfa0a925e5bef3af0e154cdcd0b03f2bc00203</link>
    </download>
    <download>
      <name>BrightSignApplicationServer-bas.html</name>
      <hash method="SHA1">22a33344ed53e1e8fc53512672269cd96a104125</hash>
      <size>882</size>
      <link>pool/2/5/sha1-22a33344ed53e1e8fc53512672269cd96a104125</link>
    </download>
    <download>
      <name>BrightSignApplicationServer-favicon.ico</name>
      <hash method="SHA1">a1bae6f0516a56cf140aa7177e9559418fe8f85e</hash>
      <size>1150</size>
      <link>pool/5/e/sha1-a1bae6f0516a56cf140aa7177e9559418fe8f85e</link>
    </download>
    <download>
      <name>BrightSignApplicationServer-index.html</name>
      <hash method="SHA1">87d1eb6a86ba28bfa8008f10be7136fb0ed15e0c</hash>
      <size>201</size>
      <link>pool/0/c/sha1-87d1eb6a86ba28bfa8008f10be7136fb0ed15e0c</link>
    </download>
    <download>
      <name>BrightSignApplicationServer-robots.txt</name>
      <hash method="SHA1">9345c7fffd19714ba7169ea645f554dd6a1992a0</hash>
      <size>34</size>
      <link>pool/a/0/sha1-9345c7fffd19714ba7169ea645f554dd6a1992a0</link>
    </download>
    <download>
      <name>BrightSignApplicationServer-fonts/glyphicons-halflings-regular.eot</name>
      <hash method="SHA1">f3a9a3b609133c3d21d6b42abbf7f43bd111df72</hash>
      <size>20335</size>
      <link>pool/7/2/sha1-f3a9a3b609133c3d21d6b42abbf7f43bd111df72</link>
    </download>
    <download>
      <name>BrightSignApplicationServer-fonts/glyphicons-halflings-regular.svg</name>
      <hash method="SHA1">47fde98e2a90b356fb13984030103a308c62c030</hash>
      <size>63154</size>
      <link>pool/3/0/sha1-47fde98e2a90b356fb13984030103a308c62c030</link>
    </download>
    <download>
      <name>BrightSignApplicationServer-fonts/glyphicons-halflings-regular.ttf</name>
      <hash method="SHA1">aafafdc09404c4aa4447d7e898a2183def9cc1b1</hash>
      <size>41280</size>
      <link>pool/b/1/sha1-aafafdc09404c4aa4447d7e898a2183def9cc1b1</link>
    </download>
    <download>
      <name>BrightSignApplicationServer-fonts/glyphicons-halflings-regular.woff</name>
      <hash method="SHA1">22037a3455914e5662fa51a596677bdb329e2c5c</hash>
      <size>23320</size>
      <link>pool/5/c/sha1-22037a3455914e5662fa51a596677bdb329e2c5c</link>
    </download>
    <download>
      <name>BrightSignApplicationServer-html/landing/landing.html</name>
      <hash method="SHA1">f71be1e9fc8dc38cadb5e3cbf8fcad4f7368a9e0</hash>
      <size>886</size>
      <link>pool/e/0/sha1-f71be1e9fc8dc38cadb5e3cbf8fcad4f7368a9e0</link>
    </download>
    <download>
      <name>BrightSignApplicationServer-html/remote-snapshot/configure-snapshots.html</name>
      <hash method="SHA1">7b059c02bccb1dcb935699f6a3d7cdd21146e120</hash>
      <size>4237</size>
      <link>pool/2/0/sha1-7b059c02bccb1dcb935699f6a3d7cdd21146e120</link>
    </download>
    <download>
      <name>BrightSignApplicationServer-html/remote-snapshot/view-snapshots.html</name>
      <hash method="SHA1">1bfae55189a796ae5b6daa90e56c09534312b251</hash>
      <size>2243</size>
      <link>pool/5/1/sha1-1bfae55189a796ae5b6daa90e56c09534312b251</link>
    </download>
    <download>
      <name>BrightSignApplicationServer-images/bg_main_background.ec008440.png</name>
      <hash method="SHA1">af0bc48cf35bfaee4f21f99a8e48594fa514ee8f</hash>
      <size>98</size>
      <link>pool/8/f/sha1-af0bc48cf35bfaee4f21f99a8e48594fa514ee8f</link>
    </download>
    <download>
      <name>BrightSignApplicationServer-images/bs-logo.558b3252.png</name>
      <hash method="SHA1">19240f186609ea1cbf728c3687f75e1bcb977987</hash>
      <size>2914</size>
      <link>pool/8/7/sha1-19240f186609ea1cbf728c3687f75e1bcb977987</link>
    </download>
    <download>
      <name>BrightSignApplicationServer-scripts/brightsign.087c41eb.js</name>
      <hash method="SHA1">fa1157d9899362291d7f289aa53bc7ef54c0fd50</hash>
      <size>8261</size>
      <link>pool/5/0/sha1-fa1157d9899362291d7f289aa53bc7ef54c0fd50</link>
    </download>
    <download>
      <name>BrightSignApplicationServer-scripts/oldieshim.76f279db.js</name>
      <hash method="SHA1">370f5dbee879aaad2c37b589123017530e064487</hash>
      <size>20978</size>
      <link>pool/8/7/sha1-370f5dbee879aaad2c37b589123017530e064487</link>
    </download>
    <download>
      <name>BrightSignApplicationServer-scripts/vendor.93fc20a3.js</name>
      <hash method="SHA1">8cbef233e4e288f9f13a365362a84b051a6d30de</hash>
      <size>329973</size>
      <link>pool/d/e/sha1-8cbef233e4e288f9f13a365362a84b051a6d30de</link>
    </download>
    <download>
      <name>BrightSignApplicationServer-styles/brightsign.1ea7f101.css</name>
      <hash method="SHA1">41989e2ff79dd7bd1b294cb382e654c234a38b46</hash>
      <size>1276</size>
      <link>pool/4/6/sha1-41989e2ff79dd7bd1b294cb382e654c234a38b46</link>
    </download>
    <download>
      <name>BrightSignApplicationServer-styles/vendor.51dd6dba.css</name>
      <hash method="SHA1">01bea1dd2c0bfa193a9107f0d3e228817157c39c</hash>
      <size>132563</size>
      <link>pool/9/c/sha1-01bea1dd2c0bfa193a9107f0d3e228817157c39c</link>
    </download>
    <download>
      <name>autorun.brs</name>
      <hash method="SHA1">808c5e9b7a7252bbad0409e0e6af2d2c25f0d98a</hash>
      <size>1182857</size>
      <link>pool/8/a/sha1-808c5e9b7a7252bbad0409e0e6af2d2c25f0d98a</link>
      <group>script</group>
    </download>
    <download>
      <name>autoschedule.xml</name>
      <hash method="SHA1">cdd0a060ff009514a0d31d5053cbbd34b558fe2a</hash>
      <size>955</size>
      <link>pool/2/a/sha1-cdd0a060ff009514a0d31d5053cbbd34b558fe2a</link>
    </download>
    <download>
      <name>resources.txt</name>
      <hash method="SHA1">123580d24f72d21dbb92628f94e64a43ac0e69c1</hash>
      <size>2299</size>
      <link>pool/c/1/sha1-123580d24f72d21dbb92628f94e64a43ac0e69c1</link>
    </download>
    <download>
      <name>autoplugins.brs</name>
      <hash method="SHA1">a0acb3e76c85e48d326e802428b23f0325667410</hash>
      <size>146</size>
      <link>pool/1/0/sha1-a0acb3e76c85e48d326e802428b23f0325667410</link>
      <group>script</group>
    </download>
    <download>
      <name>_deviceWebPage.html</name>
      <hash method="SHA1">ea99df6e9103c0d9dd4b419519dbfbc3c97ef6df</hash>
      <size>116438</size>
      <link>pool/d/f/sha1-ea99df6e9103c0d9dd4b419519dbfbc3c97ef6df</link>
    </download>
    <download>
      <name>_deviceIdWebPage.html</name>
      <hash method="SHA1">a3eeb8009617a56fa412802e061ec931a6bd0fb1</hash>
      <size>117474</size>
      <link>pool/b/1/sha1-a3eeb8009617a56fa412802e061ec931a6bd0fb1</link>
    </download>
    <download>
      <name>featureMinRevs.xml</name>
      <hash method="SHA1">722496197517be162002086dfc5ae959ba32587b</hash>
      <size>1419</size>
      <link>pool/7/b/sha1-722496197517be162002086dfc5ae959ba32587b</link>
    </download>
    <download>
      <name>BoseProducts.xml</name>
      <hash method="SHA1">65921129654c5b149d4d370e41aa8713af01d1ee</hash>
      <size>14990</size>
      <link>pool/e/e/sha1-65921129654c5b149d4d370e41aa8713af01d1ee</link>
    </download>
    <delete>
      <pattern>*.brs</pattern>
    </delete>
    <delete>
      <pattern>*.rok</pattern>
    </delete>
    <delete>
      <pattern>*.bsfw</pattern>
    </delete>
    <ignore>
      <pattern>*</pattern>
    </ignore>
  </files>
</sync>