<?xml version="1.0" encoding="UTF-8"?>
<FeatureMinRevs version="1.5">
  <feature>
    <name>UseInitiatorAddressFromPacket</name>
    <minFWRev>6.0.35</minFWRev>
  </feature>
  <feature>
    <name>SetSyncDomain</name>
    <minFWRev>7.0.12</minFWRev>
  </feature>
  <feature>
    <name>ResetInterfaceSettings</name>
    <minFWRev>6.2.64</minFWRev>
  </feature>
  <feature>
    <name>ForceResolution</name>
    <minFWRev>5.2.33</minFWRev>
  </feature>
  <feature>
    <name>CustomSplashScreen</name>
    <minFWRev>5.2.33</minFWRev>
  </feature>
  <feature>
    <name>ShowHideVideoZone</name>
    <minFWRev>6.0.32</minFWRev>
  </feature>
  <feature>
    <name>BypassProxy</name>
    <minFWRev>5.2.28</minFWRev>
  </feature>
  <feature>
    <name>ContentEncryption</name>
    <minFWRev>6.0.59</minFWRev>
  </feature>
  <feature>
    <name>HtmlSetTransform</name>
    <minFWRev>6.1.6</minFWRev>
  </feature>
  <feature>
    <name>MosaicMode</name>
    <minFWRev>6.1.37</minFWRev>
  </feature>
  <feature>
    <name>Beacons</name>
    <minFWRev>6.1.76</minFWRev>
  </feature>
  <feature>
    <name>HttpWidgetGetUserAgent</name>
    <minFWRev>6.1.79</minFWRev>
  </feature>
  <feature>
    <name>FullResolutionGraphics</name>
    <minFWRev>6.3.29</minFWRev>
  </feature>
  <feature>
    <name>Btle</name>
    <minFWRev>6.2.94</minFWRev>
  </feature>
</FeatureMinRevs>
