﻿<?xml version="1.0" encoding="utf-8"?>
<sync version="1.0" name="local">
  <meta>
    <client>
      <timezone>CET</timezone>
      <unitName />
      <unitNamingMethod>appendUnitIDToUnitName</unitNamingMethod>
      <unitDescription />
      <specifyHostname>no</specifyHostname>
      <useProxy>no</useProxy>
      <useWireless>no</useWireless>
      <timeServer>http://time.brightsignnetwork.com</timeServer>
      <useDHCP>no</useDHCP>
      <staticIPAddress>192.168.10.30</staticIPAddress>
      <subnetMask>255.255.255.0</subnetMask>
      <gateway>192.168.10.1</gateway>
      <dns1 />
      <dns2 />
      <dns3 />
      <enableWPAEnterpriseAuthentication>False</enableWPAEnterpriseAuthentication>
      <wpaEnterpriseVariant>WPAEnterpriseEapTls</wpaEnterpriseVariant>
      <eapCertificate>WPAEapTlsPKCS</eapCertificate>
      <eapCertificateFilePath />
      <eapCertificatePassphrase />
      <eapPemOrDerKeyFilePath />
      <peapUsername />
      <peapPassphrase />
      <caCertificateFilePath />
      <rateLimitModeOutsideWindow>default</rateLimitModeOutsideWindow>
      <rateLimitRateOutsideWindow>0</rateLimitRateOutsideWindow>
      <rateLimitModeInWindow>unlimited</rateLimitModeInWindow>
      <rateLimitRateInWindow>0</rateLimitRateInWindow>
      <rateLimitModeInitialDownloads>unlimited</rateLimitModeInitialDownloads>
      <rateLimitRateInitialDownloads>0</rateLimitRateInitialDownloads>
      <networkConnectionPriorityWired>0</networkConnectionPriorityWired>
      <networkConnectionPriorityWireless>1</networkConnectionPriorityWireless>
      <contentDataTypeEnabledWired>True</contentDataTypeEnabledWired>
      <textFeedsDataTypeEnabledWired>True</textFeedsDataTypeEnabledWired>
      <healthDataTypeEnabledWired>True</healthDataTypeEnabledWired>
      <mediaFeedsDataTypeEnabledWired>True</mediaFeedsDataTypeEnabledWired>
      <logUploadsDataTypeEnabledWired>True</logUploadsDataTypeEnabledWired>
      <lwsConfig>none</lwsConfig>
      <lwsUserName />
      <lwsPassword />
      <lwsEnableUpdateNotifications>no</lwsEnableUpdateNotifications>
      <playbackLoggingEnabled>no</playbackLoggingEnabled>
      <eventLoggingEnabled>yes</eventLoggingEnabled>
      <stateLoggingEnabled>no</stateLoggingEnabled>
      <diagnosticLoggingEnabled>no</diagnosticLoggingEnabled>
      <variableLoggingEnabled>no</variableLoggingEnabled>
      <uploadLogFilesAtBoot>no</uploadLogFilesAtBoot>
      <uploadLogFilesAtSpecificTime>no</uploadLogFilesAtSpecificTime>
      <uploadLogFilesTime>0</uploadLogFilesTime>
      <dwsEnabled>yes</dwsEnabled>
      <dwsPassword>A0815CBDBBA491B0B46717116747C02E086B33716C0D9174DF48F7F92CC54CFC7</dwsPassword>
      <deviceScreenShotsEnabled>no</deviceScreenShotsEnabled>
      <deviceScreenShotsInterval>15</deviceScreenShotsInterval>
      <deviceScreenShotsCountLimit>1</deviceScreenShotsCountLimit>
      <deviceScreenShotsQuality>50</deviceScreenShotsQuality>
      <deviceScreenShotsDisplayPortrait>False</deviceScreenShotsDisplayPortrait>
      <idleScreenColor>FF000000</idleScreenColor>
      <networkDiagnosticsEnabled>False</networkDiagnosticsEnabled>
      <testEthernetEnabled>True</testEthernetEnabled>
      <testWirelessEnabled>False</testWirelessEnabled>
      <testInternetEnabled>True</testInternetEnabled>
      <useCustomSplashScreen>False</useCustomSplashScreen>
    </client>
  </meta>
</sync>